Fragetext,Antwort,Sprache,Sentiment,Zahlenwert
Das ist der Fragetext 1,sehr interessante Themen,de,positive,0.9895781832747161
Das ist der Fragetext 2,gut strukturierte LV,no,not analyzed,
Das ist der Fragetext 3,,unknown,not analyzed,
Das ist der Fragetext 4,sympathischer LV-Leiter,de,positive,0.9587876051664352
Das ist der Fragetext 5,sympathischer LV-Leiter,de,positive,0.9587876051664352
Das ist der Fragetext 6,sympathischer LV-Leiter,de,positive,0.9587876051664352
Das ist der Fragetext 7,gut strukturierte LV,no,not analyzed,
Das ist der Fragetext 8,auf Studierende eingegangen,de,negative,-0.9036375433206558
Das ist der Fragetext 9,auf Studierende eingegangen,de,negative,-0.9036375433206558
Das ist der Fragetext 10,gut strukturierte LV,no,not analyzed,
Das ist der Fragetext 11,sehr interessante Themen,de,positive,0.9895781832747161
Das ist der Fragetext 12,sympathischer LV-Leiter,de,positive,0.9587876051664352
Das ist der Fragetext 13,sympathischer LV-Leiter,de,positive,0.9587876051664352
Das ist der Fragetext 14,gut strukturierte LV,no,not analyzed,
Das ist der Fragetext 15,auf Studierende eingegangen,de,negative,-0.9036375433206558
Das ist der Fragetext 16,sehr interessante Themen,de,positive,0.9895781832747161
Das ist der Fragetext 17,sympathischer LV-Leiter,de,positive,0.9587876051664352
Das ist der Fragetext 18,sehr interessante Themen,de,positive,0.9895781832747161
Das ist der Fragetext 19,sehr interessante Themen,de,positive,0.9895781832747161
Das ist der Fragetext 20,,unknown,not analyzed,
Das ist der Fragetext 21,sehr interessante Themen,de,positive,0.9895781832747161
Das ist der Fragetext 22,gut strukturierte LV,no,not analyzed,
Das ist der Fragetext 23,,unknown,not analyzed,
Das ist der Fragetext 24,sehr interessante Themen,de,positive,0.9895781832747161
Das ist der Fragetext 25,gut strukturierte LV,no,not analyzed,
Das ist der Fragetext 26,sehr interessante Themen,de,positive,0.9895781832747161
Das ist der Fragetext 27,sympathischer LV-Leiter,de,positive,0.9587876051664352
Das ist der Fragetext 28,sehr interessante Themen,de,positive,0.9895781832747161
Das ist der Fragetext 29,auf Studierende eingegangen,de,negative,-0.9036375433206558
Das ist der Fragetext 30,,unknown,not analyzed,
Das ist der Fragetext 31,sehr interessante Themen,de,positive,0.9895781832747161
Das ist der Fragetext 32,sympathischer LV-Leiter,de,positive,0.9587876051664352
Das ist der Fragetext 33,gut strukturierte LV,no,not analyzed,
Das ist der Fragetext 34,sympathischer LV-Leiter,de,positive,0.9587876051664352
Das ist der Fragetext 35,,unknown,not analyzed,
Das ist der Fragetext 36,sehr interessante Themen,de,positive,0.9895781832747161
Das ist der Fragetext 37,auf Studierende eingegangen,de,negative,-0.9036375433206558
Das ist der Fragetext 38,gut strukturierte LV,no,not analyzed,
Das ist der Fragetext 39,auf Studierende eingegangen,de,negative,-0.9036375433206558
Das ist der Fragetext 40,sympathischer LV-Leiter,de,positive,0.9587876051664352
Das ist der Fragetext 41,sympathischer LV-Leiter,de,positive,0.9587876051664352
Das ist der Fragetext 42,,unknown,not analyzed,
Das ist der Fragetext 43,,unknown,not analyzed,
Das ist der Fragetext 44,gut strukturierte LV,no,not analyzed,
Das ist der Fragetext 45,sympathischer LV-Leiter,de,positive,0.9587876051664352
Das ist der Fragetext 46,sympathischer LV-Leiter,de,positive,0.9587876051664352
Das ist der Fragetext 47,sehr interessante Themen,de,positive,0.9895781832747161
Das ist der Fragetext 48,sehr interessante Themen,de,positive,0.9895781832747161
Das ist der Fragetext 49,,unknown,not analyzed,
Das ist der Fragetext 50,gut strukturierte LV,no,not analyzed,
Das ist der Fragetext 51,gut strukturierte LV,no,not analyzed,
Das ist der Fragetext 52,sympathischer LV-Leiter,de,positive,0.9587876051664352
Das ist der Fragetext 53,auf Studierende eingegangen,de,negative,-0.9036375433206558
Das ist der Fragetext 54,sehr interessante Themen,de,positive,0.9895781832747161
Das ist der Fragetext 55,sympathischer LV-Leiter,de,positive,0.9587876051664352
Das ist der Fragetext 56,sehr interessante Themen,de,positive,0.9895781832747161
Das ist der Fragetext 57,gut strukturierte LV,no,not analyzed,
Das ist der Fragetext 58,sympathischer LV-Leiter,de,positive,0.9587876051664352
Das ist der Fragetext 59,gut strukturierte LV,no,not analyzed,
Das ist der Fragetext 60,sehr interessante Themen,de,positive,0.9895781832747161
Das ist der Fragetext 61,sehr interessante Themen,de,positive,0.9895781832747161
Das ist der Fragetext 62,,unknown,not analyzed,
Das ist der Fragetext 63,gut strukturierte LV,no,not analyzed,
Das ist der Fragetext 64,sympathischer LV-Leiter,de,positive,0.9587876051664352
Das ist der Fragetext 65,auf Studierende eingegangen,de,negative,-0.9036375433206558
Das ist der Fragetext 66,,unknown,not analyzed,
Das ist der Fragetext 67,auf Studierende eingegangen,de,negative,-0.9036375433206558
Das ist der Fragetext 68,sympathischer LV-Leiter,de,positive,0.9587876051664352
Das ist der Fragetext 69,auf Studierende eingegangen,de,negative,-0.9036375433206558
Das ist der Fragetext 70,gut strukturierte LV,no,not analyzed,
Das ist der Fragetext 71,gut strukturierte LV,no,not analyzed,
Das ist der Fragetext 72,auf Studierende eingegangen,de,negative,-0.9036375433206558
Das ist der Fragetext 73,auf Studierende eingegangen,de,negative,-0.9036375433206558
Das ist der Fragetext 74,auf Studierende eingegangen,de,negative,-0.9036375433206558
Das ist der Fragetext 75,sehr interessante Themen,de,positive,0.9895781832747161
Das ist der Fragetext 76,,unknown,not analyzed,
Das ist der Fragetext 77,sehr interessante Themen,de,positive,0.9895781832747161
Das ist der Fragetext 78,sympathischer LV-Leiter,de,positive,0.9587876051664352
Das ist der Fragetext 79,sympathischer LV-Leiter,de,positive,0.9587876051664352
Das ist der Fragetext 80,sympathischer LV-Leiter,de,positive,0.9587876051664352
Das ist der Fragetext 81,auf Studierende eingegangen,de,negative,-0.9036375433206558
Das ist der Fragetext 82,,unknown,not analyzed,
Das ist der Fragetext 83,gut strukturierte LV,no,not analyzed,
Das ist der Fragetext 84,auf Studierende eingegangen,de,negative,-0.9036375433206558
Das ist der Fragetext 85,gut strukturierte LV,no,not analyzed,
Das ist der Fragetext 86,gut strukturierte LV,no,not analyzed,
Das ist der Fragetext 87,auf Studierende eingegangen,de,negative,-0.9036375433206558
Das ist der Fragetext 88,auf Studierende eingegangen,de,negative,-0.9036375433206558
Das ist der Fragetext 89,,unknown,not analyzed,
Das ist der Fragetext 90,sehr interessante Themen,de,positive,0.9895781832747161
Das ist der Fragetext 91,gut strukturierte LV,no,not analyzed,
Das ist der Fragetext 92,gut strukturierte LV,no,not analyzed,
Das ist der Fragetext 93,sehr interessante Themen,de,positive,0.9895781832747161
Das ist der Fragetext 94,sympathischer LV-Leiter,de,positive,0.9587876051664352
Das ist der Fragetext 95,auf Studierende eingegangen,de,negative,-0.9036375433206558
Das ist der Fragetext 96,,unknown,not analyzed,
Das ist der Fragetext 97,sehr interessante Themen,de,positive,0.9895781832747161
Das ist der Fragetext 98,sympathischer LV-Leiter,de,positive,0.9587876051664352
Das ist der Fragetext 99,gut strukturierte LV,no,not analyzed,
Das ist der Fragetext 100,gut strukturierte LV,no,not analyzed,
Das ist der Fragetext 101,,unknown,not analyzed,
Das ist der Fragetext 102,sympathischer LV-Leiter,de,positive,0.9587876051664352
Das ist der Fragetext 103,auf Studierende eingegangen,de,negative,-0.9036375433206558
Das ist der Fragetext 104,gut strukturierte LV,no,not analyzed,
Das ist der Fragetext 105,auf Studierende eingegangen,de,negative,-0.9036375433206558
Das ist der Fragetext 106,auf Studierende eingegangen,de,negative,-0.9036375433206558
Das ist der Fragetext 107,auf Studierende eingegangen,de,negative,-0.9036375433206558
Das ist der Fragetext 108,sehr interessante Themen,de,positive,0.9895781832747161
Das ist der Fragetext 109,auf Studierende eingegangen,de,negative,-0.9036375433206558
Das ist der Fragetext 110,sehr interessante Themen,de,positive,0.9895781832747161
Das ist der Fragetext 111,auf Studierende eingegangen,de,negative,-0.9036375433206558
Das ist der Fragetext 112,auf Studierende eingegangen,de,negative,-0.9036375433206558
Das ist der Fragetext 113,sympathischer LV-Leiter,de,positive,0.9587876051664352
Das ist der Fragetext 114,auf Studierende eingegangen,de,negative,-0.9036375433206558
Das ist der Fragetext 115,sehr interessante Themen,de,positive,0.9895781832747161
Das ist der Fragetext 116,auf Studierende eingegangen,de,negative,-0.9036375433206558
Das ist der Fragetext 117,sehr interessante Themen,de,positive,0.9895781832747161
Das ist der Fragetext 118,sehr interessante Themen,de,positive,0.9895781832747161
Das ist der Fragetext 119,auf Studierende eingegangen,de,negative,-0.9036375433206558
Das ist der Fragetext 120,sympathischer LV-Leiter,de,positive,0.9587876051664352
Das ist der Fragetext 121,,unknown,not analyzed,
Das ist der Fragetext 122,sympathischer LV-Leiter,de,positive,0.9587876051664352
Das ist der Fragetext 123,sympathischer LV-Leiter,de,positive,0.9587876051664352
Das ist der Fragetext 124,auf Studierende eingegangen,de,negative,-0.9036375433206558
Das ist der Fragetext 125,gut strukturierte LV,no,not analyzed,
Das ist der Fragetext 126,auf Studierende eingegangen,de,negative,-0.9036375433206558
Das ist der Fragetext 127,gut strukturierte LV,no,not analyzed,
Das ist der Fragetext 128,,unknown,not analyzed,
Das ist der Fragetext 129,auf Studierende eingegangen,de,negative,-0.9036375433206558
Das ist der Fragetext 130,,unknown,not analyzed,
Das ist der Fragetext 131,sympathischer LV-Leiter,de,positive,0.9587876051664352
Das ist der Fragetext 132,gut strukturierte LV,no,not analyzed,
Das ist der Fragetext 133,gut strukturierte LV,no,not analyzed,
Das ist der Fragetext 134,gut strukturierte LV,no,not analyzed,
Das ist der Fragetext 135,sehr interessante Themen,de,positive,0.9895781832747161
Das ist der Fragetext 136,sympathischer LV-Leiter,de,positive,0.9587876051664352
Das ist der Fragetext 137,sehr interessante Themen,de,positive,0.9895781832747161
Das ist der Fragetext 138,gut strukturierte LV,no,not analyzed,
Das ist der Fragetext 139,auf Studierende eingegangen,de,negative,-0.9036375433206558
Das ist der Fragetext 140,gut strukturierte LV,no,not analyzed,
Das ist der Fragetext 141,sehr interessante Themen,de,positive,0.9895781832747161
Das ist der Fragetext 142,gut strukturierte LV,no,not analyzed,
Das ist der Fragetext 143,sehr interessante Themen,de,positive,0.9895781832747161
Das ist der Fragetext 144,sehr interessante Themen,de,positive,0.9895781832747161
Das ist der Fragetext 145,,unknown,not analyzed,
Das ist der Fragetext 146,,unknown,not analyzed,
Das ist der Fragetext 147,,unknown,not analyzed,
Das ist der Fragetext 148,gut strukturierte LV,no,not analyzed,
Das ist der Fragetext 149,,unknown,not analyzed,
Das ist der Fragetext 150,gut strukturierte LV,no,not analyzed,
Das ist der Fragetext 151,sehr interessante Themen,de,positive,0.9895781832747161
Das ist der Fragetext 152,gut strukturierte LV,no,not analyzed,
Das ist der Fragetext 153,auf Studierende eingegangen,de,negative,-0.9036375433206558
Das ist der Fragetext 154,gut strukturierte LV,no,not analyzed,
Das ist der Fragetext 155,gut strukturierte LV,no,not analyzed,
Das ist der Fragetext 156,gut strukturierte LV,no,not analyzed,
Das ist der Fragetext 157,gut strukturierte LV,no,not analyzed,
Das ist der Fragetext 158,,unknown,not analyzed,
Das ist der Fragetext 159,sehr interessante Themen,de,positive,0.9895781832747161
Das ist der Fragetext 160,gut strukturierte LV,no,not analyzed,
Das ist der Fragetext 161,sehr interessante Themen,de,positive,0.9895781832747161
Das ist der Fragetext 162,sehr interessante Themen,de,positive,0.9895781832747161
Das ist der Fragetext 163,sehr interessante Themen,de,positive,0.9895781832747161
Das ist der Fragetext 164,sympathischer LV-Leiter,de,positive,0.9587876051664352
Das ist der Fragetext 165,auf Studierende eingegangen,de,negative,-0.9036375433206558
Das ist der Fragetext 166,sympathischer LV-Leiter,de,positive,0.9587876051664352
Das ist der Fragetext 167,sehr interessante Themen,de,positive,0.9895781832747161
Das ist der Fragetext 168,auf Studierende eingegangen,de,negative,-0.9036375433206558
Das ist der Fragetext 169,sympathischer LV-Leiter,de,positive,0.9587876051664352
Das ist der Fragetext 170,gut strukturierte LV,no,not analyzed,
Das ist der Fragetext 171,sympathischer LV-Leiter,de,positive,0.9587876051664352
Das ist der Fragetext 172,sympathischer LV-Leiter,de,positive,0.9587876051664352
Das ist der Fragetext 173,,unknown,not analyzed,
Das ist der Fragetext 174,auf Studierende eingegangen,de,negative,-0.9036375433206558
Das ist der Fragetext 175,sympathischer LV-Leiter,de,positive,0.9587876051664352
Das ist der Fragetext 176,gut strukturierte LV,no,not analyzed,
Das ist der Fragetext 177,sympathischer LV-Leiter,de,positive,0.9587876051664352
Das ist der Fragetext 178,sehr interessante Themen,de,positive,0.9895781832747161
Das ist der Fragetext 179,sehr interessante Themen,de,positive,0.9895781832747161
Das ist der Fragetext 180,,unknown,not analyzed,
Das ist der Fragetext 181,,unknown,not analyzed,
Das ist der Fragetext 182,gut strukturierte LV,no,not analyzed,
Das ist der Fragetext 183,sehr interessante Themen,de,positive,0.9895781832747161
Das ist der Fragetext 184,sehr interessante Themen,de,positive,0.9895781832747161
Das ist der Fragetext 185,,unknown,not analyzed,
Das ist der Fragetext 186,sympathischer LV-Leiter,de,positive,0.9587876051664352
Das ist der Fragetext 187,gut strukturierte LV,no,not analyzed,
Das ist der Fragetext 188,,unknown,not analyzed,
Das ist der Fragetext 189,sympathischer LV-Leiter,de,positive,0.9587876051664352
Das ist der Fragetext 190,sehr interessante Themen,de,positive,0.9895781832747161
Das ist der Fragetext 191,gut strukturierte LV,no,not analyzed,
Das ist der Fragetext 192,auf Studierende eingegangen,de,negative,-0.9036375433206558
Das ist der Fragetext 193,auf Studierende eingegangen,de,negative,-0.9036375433206558
Das ist der Fragetext 194,auf Studierende eingegangen,de,negative,-0.9036375433206558
Das ist der Fragetext 195,,unknown,not analyzed,
Das ist der Fragetext 196,sehr interessante Themen,de,positive,0.9895781832747161
Das ist der Fragetext 197,auf Studierende eingegangen,de,negative,-0.9036375433206558
Das ist der Fragetext 198,sympathischer LV-Leiter,de,positive,0.9587876051664352
Das ist der Fragetext 199,gut strukturierte LV,no,not analyzed,
Das ist der Fragetext 200,,unknown,not analyzed,
Das ist der Fragetext 201,auf Studierende eingegangen,de,negative,-0.9036375433206558
Das ist der Fragetext 202,gut strukturierte LV,no,not analyzed,
Das ist der Fragetext 203,,unknown,not analyzed,
Das ist der Fragetext 204,sehr interessante Themen,de,positive,0.9895781832747161
Das ist der Fragetext 205,gut strukturierte LV,no,not analyzed,
Das ist der Fragetext 206,sehr interessante Themen,de,positive,0.9895781832747161
Das ist der Fragetext 207,sehr interessante Themen,de,positive,0.9895781832747161
Das ist der Fragetext 208,auf Studierende eingegangen,de,negative,-0.9036375433206558
Das ist der Fragetext 209,sympathischer LV-Leiter,de,positive,0.9587876051664352
Das ist der Fragetext 210,,unknown,not analyzed,
Das ist der Fragetext 211,sehr interessante Themen,de,positive,0.9895781832747161
Das ist der Fragetext 212,sympathischer LV-Leiter,de,positive,0.9587876051664352
Das ist der Fragetext 213,,unknown,not analyzed,
Das ist der Fragetext 214,sympathischer LV-Leiter,de,positive,0.9587876051664352
Das ist der Fragetext 215,,unknown,not analyzed,
Das ist der Fragetext 216,sympathischer LV-Leiter,de,positive,0.9587876051664352
Das ist der Fragetext 217,gut strukturierte LV,no,not analyzed,
Das ist der Fragetext 218,sehr interessante Themen,de,positive,0.9895781832747161
Das ist der Fragetext 219,sympathischer LV-Leiter,de,positive,0.9587876051664352
Das ist der Fragetext 220,sehr interessante Themen,de,positive,0.9895781832747161
Das ist der Fragetext 221,sympathischer LV-Leiter,de,positive,0.9587876051664352
Das ist der Fragetext 222,auf Studierende eingegangen,de,negative,-0.9036375433206558
Das ist der Fragetext 223,sehr interessante Themen,de,positive,0.9895781832747161
Das ist der Fragetext 224,,unknown,not analyzed,
Das ist der Fragetext 225,auf Studierende eingegangen,de,negative,-0.9036375433206558
Das ist der Fragetext 226,,unknown,not analyzed,
Das ist der Fragetext 227,auf Studierende eingegangen,de,negative,-0.9036375433206558
Das ist der Fragetext 228,auf Studierende eingegangen,de,negative,-0.9036375433206558
Das ist der Fragetext 229,auf Studierende eingegangen,de,negative,-0.9036375433206558
Das ist der Fragetext 230,sehr interessante Themen,de,positive,0.9895781832747161
Das ist der Fragetext 231,sympathischer LV-Leiter,de,positive,0.9587876051664352
Das ist der Fragetext 232,sympathischer LV-Leiter,de,positive,0.9587876051664352
Das ist der Fragetext 233,,unknown,not analyzed,
Das ist der Fragetext 234,gut strukturierte LV,no,not analyzed,
Das ist der Fragetext 235,auf Studierende eingegangen,de,negative,-0.9036375433206558
Das ist der Fragetext 236,,unknown,not analyzed,
Das ist der Fragetext 237,,unknown,not analyzed,
Das ist der Fragetext 238,gut strukturierte LV,no,not analyzed,
Das ist der Fragetext 239,,unknown,not analyzed,
Das ist der Fragetext 240,gut strukturierte LV,no,not analyzed,
Das ist der Fragetext 241,gut strukturierte LV,no,not analyzed,
Das ist der Fragetext 242,sehr interessante Themen,de,positive,0.9895781832747161
Das ist der Fragetext 243,gut strukturierte LV,no,not analyzed,
Das ist der Fragetext 244,sympathischer LV-Leiter,de,positive,0.9587876051664352
Das ist der Fragetext 245,sehr interessante Themen,de,positive,0.9895781832747161
Das ist der Fragetext 246,sympathischer LV-Leiter,de,positive,0.9587876051664352
Das ist der Fragetext 247,sehr interessante Themen,de,positive,0.9895781832747161
Das ist der Fragetext 248,auf Studierende eingegangen,de,negative,-0.9036375433206558
Das ist der Fragetext 249,,unknown,not analyzed,
Das ist der Fragetext 250,sehr interessante Themen,de,positive,0.9895781832747161
Das ist der Fragetext 251,,unknown,not analyzed,
Das ist der Fragetext 252,sehr interessante Themen,de,positive,0.9895781832747161
Das ist der Fragetext 253,auf Studierende eingegangen,de,negative,-0.9036375433206558
Das ist der Fragetext 254,sehr interessante Themen,de,positive,0.9895781832747161
Das ist der Fragetext 255,gut strukturierte LV,no,not analyzed,
Das ist der Fragetext 256,sympathischer LV-Leiter,de,positive,0.9587876051664352
Das ist der Fragetext 257,auf Studierende eingegangen,de,negative,-0.9036375433206558
Das ist der Fragetext 258,sympathischer LV-Leiter,de,positive,0.9587876051664352
Das ist der Fragetext 259,,unknown,not analyzed,
Das ist der Fragetext 260,gut strukturierte LV,no,not analyzed,
Das ist der Fragetext 261,gut strukturierte LV,no,not analyzed,
Das ist der Fragetext 262,,unknown,not analyzed,
Das ist der Fragetext 263,sympathischer LV-Leiter,de,positive,0.9587876051664352
Das ist der Fragetext 264,gut strukturierte LV,no,not analyzed,
Das ist der Fragetext 265,,unknown,not analyzed,
Das ist der Fragetext 266,,unknown,not analyzed,
Das ist der Fragetext 267,auf Studierende eingegangen,de,negative,-0.9036375433206558
Das ist der Fragetext 268,sehr interessante Themen,de,positive,0.9895781832747161
Das ist der Fragetext 269,sehr interessante Themen,de,positive,0.9895781832747161
Das ist der Fragetext 270,sympathischer LV-Leiter,de,positive,0.9587876051664352
Das ist der Fragetext 271,,unknown,not analyzed,
Das ist der Fragetext 272,gut strukturierte LV,no,not analyzed,
Das ist der Fragetext 273,,unknown,not analyzed,
Das ist der Fragetext 274,sehr interessante Themen,de,positive,0.9895781832747161
Das ist der Fragetext 275,sehr interessante Themen,de,positive,0.9895781832747161
Das ist der Fragetext 276,sympathischer LV-Leiter,de,positive,0.9587876051664352
Das ist der Fragetext 277,auf Studierende eingegangen,de,negative,-0.9036375433206558
Das ist der Fragetext 278,,unknown,not analyzed,
Das ist der Fragetext 279,auf Studierende eingegangen,de,negative,-0.9036375433206558
Das ist der Fragetext 280,sympathischer LV-Leiter,de,positive,0.9587876051664352
Das ist der Fragetext 281,sehr interessante Themen,de,positive,0.9895781832747161
Das ist der Fragetext 282,,unknown,not analyzed,
Das ist der Fragetext 283,sympathischer LV-Leiter,de,positive,0.9587876051664352
Das ist der Fragetext 284,sympathischer LV-Leiter,de,positive,0.9587876051664352
Das ist der Fragetext 285,sehr interessante Themen,de,positive,0.9895781832747161
Das ist der Fragetext 286,gut strukturierte LV,no,not analyzed,
Das ist der Fragetext 287,,unknown,not analyzed,
Das ist der Fragetext 288,sympathischer LV-Leiter,de,positive,0.9587876051664352
Das ist der Fragetext 289,gut strukturierte LV,no,not analyzed,
Das ist der Fragetext 290,auf Studierende eingegangen,de,negative,-0.9036375433206558
Das ist der Fragetext 291,auf Studierende eingegangen,de,negative,-0.9036375433206558
Das ist der Fragetext 292,auf Studierende eingegangen,de,negative,-0.9036375433206558
Das ist der Fragetext 293,gut strukturierte LV,no,not analyzed,
Das ist der Fragetext 294,sehr interessante Themen,de,positive,0.9895781832747161
Das ist der Fragetext 295,,unknown,not analyzed,
Das ist der Fragetext 296,,unknown,not analyzed,
Das ist der Fragetext 297,,unknown,not analyzed,
Das ist der Fragetext 298,gut strukturierte LV,no,not analyzed,
Das ist der Fragetext 299,sympathischer LV-Leiter,de,positive,0.9587876051664352
Das ist der Fragetext 300,sehr interessante Themen,de,positive,0.9895781832747161
Das ist der Fragetext 301,sehr interessante Themen,de,positive,0.9895781832747161
Das ist der Fragetext 302,auf Studierende eingegangen,de,negative,-0.9036375433206558
Das ist der Fragetext 303,sympathischer LV-Leiter,de,positive,0.9587876051664352
Das ist der Fragetext 304,,unknown,not analyzed,
Das ist der Fragetext 305,auf Studierende eingegangen,de,negative,-0.9036375433206558
Das ist der Fragetext 306,sympathischer LV-Leiter,de,positive,0.9587876051664352
Das ist der Fragetext 307,,unknown,not analyzed,
Das ist der Fragetext 308,,unknown,not analyzed,
Das ist der Fragetext 309,sympathischer LV-Leiter,de,positive,0.9587876051664352
Das ist der Fragetext 310,auf Studierende eingegangen,de,negative,-0.9036375433206558
Das ist der Fragetext 311,sympathischer LV-Leiter,de,positive,0.9587876051664352
Das ist der Fragetext 312,sympathischer LV-Leiter,de,positive,0.9587876051664352
Das ist der Fragetext 313,gut strukturierte LV,no,not analyzed,
Das ist der Fragetext 314,sehr interessante Themen,de,positive,0.9895781832747161
Das ist der Fragetext 315,,unknown,not analyzed,
Das ist der Fragetext 316,auf Studierende eingegangen,de,negative,-0.9036375433206558
Das ist der Fragetext 317,auf Studierende eingegangen,de,negative,-0.9036375433206558
Das ist der Fragetext 318,,unknown,not analyzed,
Das ist der Fragetext 319,,unknown,not analyzed,
Das ist der Fragetext 320,auf Studierende eingegangen,de,negative,-0.9036375433206558
Das ist der Fragetext 321,sympathischer LV-Leiter,de,positive,0.9587876051664352
Das ist der Fragetext 322,,unknown,not analyzed,
Das ist der Fragetext 323,auf Studierende eingegangen,de,negative,-0.9036375433206558
Das ist der Fragetext 324,sympathischer LV-Leiter,de,positive,0.9587876051664352
Das ist der Fragetext 325,,unknown,not analyzed,
Das ist der Fragetext 326,sehr interessante Themen,de,positive,0.9895781832747161
Das ist der Fragetext 327,sehr interessante Themen,de,positive,0.9895781832747161
Das ist der Fragetext 328,,unknown,not analyzed,
Das ist der Fragetext 329,sympathischer LV-Leiter,de,positive,0.9587876051664352
Das ist der Fragetext 330,auf Studierende eingegangen,de,negative,-0.9036375433206558
Das ist der Fragetext 331,auf Studierende eingegangen,de,negative,-0.9036375433206558
Das ist der Fragetext 332,sympathischer LV-Leiter,de,positive,0.9587876051664352
Das ist der Fragetext 333,sehr interessante Themen,de,positive,0.9895781832747161
Das ist der Fragetext 334,sympathischer LV-Leiter,de,positive,0.9587876051664352
Das ist der Fragetext 335,auf Studierende eingegangen,de,negative,-0.9036375433206558
Das ist der Fragetext 336,sympathischer LV-Leiter,de,positive,0.9587876051664352
Das ist der Fragetext 337,sympathischer LV-Leiter,de,positive,0.9587876051664352
Das ist der Fragetext 338,sympathischer LV-Leiter,de,positive,0.9587876051664352
Das ist der Fragetext 339,sehr interessante Themen,de,positive,0.9895781832747161
Das ist der Fragetext 340,,unknown,not analyzed,
Das ist der Fragetext 341,gut strukturierte LV,no,not analyzed,
Das ist der Fragetext 342,gut strukturierte LV,no,not analyzed,
Das ist der Fragetext 343,gut strukturierte LV,no,not analyzed,
Das ist der Fragetext 344,sympathischer LV-Leiter,de,positive,0.9587876051664352
Das ist der Fragetext 345,auf Studierende eingegangen,de,negative,-0.9036375433206558
Das ist der Fragetext 346,gut strukturierte LV,no,not analyzed,
Das ist der Fragetext 347,gut strukturierte LV,no,not analyzed,
Das ist der Fragetext 348,auf Studierende eingegangen,de,negative,-0.9036375433206558
Das ist der Fragetext 349,sehr interessante Themen,de,positive,0.9895781832747161
Das ist der Fragetext 350,,unknown,not analyzed,
Das ist der Fragetext 351,sympathischer LV-Leiter,de,positive,0.9587876051664352
Das ist der Fragetext 352,,unknown,not analyzed,
Das ist der Fragetext 353,auf Studierende eingegangen,de,negative,-0.9036375433206558
Das ist der Fragetext 354,gut strukturierte LV,no,not analyzed,
Das ist der Fragetext 355,sehr interessante Themen,de,positive,0.9895781832747161
Das ist der Fragetext 356,sehr interessante Themen,de,positive,0.9895781832747161
Das ist der Fragetext 357,sehr interessante Themen,de,positive,0.9895781832747161
Das ist der Fragetext 358,sehr interessante Themen,de,positive,0.9895781832747161
Das ist der Fragetext 359,gut strukturierte LV,no,not analyzed,
Das ist der Fragetext 360,,unknown,not analyzed,
Das ist der Fragetext 361,,unknown,not analyzed,
Das ist der Fragetext 362,sehr interessante Themen,de,positive,0.9895781832747161
Das ist der Fragetext 363,gut strukturierte LV,no,not analyzed,
Das ist der Fragetext 364,sehr interessante Themen,de,positive,0.9895781832747161
Das ist der Fragetext 365,,unknown,not analyzed,
Das ist der Fragetext 366,,unknown,not analyzed,
Das ist der Fragetext 367,auf Studierende eingegangen,de,negative,-0.9036375433206558
Das ist der Fragetext 368,auf Studierende eingegangen,de,negative,-0.9036375433206558
Das ist der Fragetext 369,sehr interessante Themen,de,positive,0.9895781832747161
Das ist der Fragetext 370,auf Studierende eingegangen,de,negative,-0.9036375433206558
Das ist der Fragetext 371,,unknown,not analyzed,
Das ist der Fragetext 372,gut strukturierte LV,no,not analyzed,
Das ist der Fragetext 373,gut strukturierte LV,no,not analyzed,
Das ist der Fragetext 374,gut strukturierte LV,no,not analyzed,
Das ist der Fragetext 375,sehr interessante Themen,de,positive,0.9895781832747161
Das ist der Fragetext 376,auf Studierende eingegangen,de,negative,-0.9036375433206558
Das ist der Fragetext 377,auf Studierende eingegangen,de,negative,-0.9036375433206558
Das ist der Fragetext 378,sehr interessante Themen,de,positive,0.9895781832747161
Das ist der Fragetext 379,,unknown,not analyzed,
Das ist der Fragetext 380,sympathischer LV-Leiter,de,positive,0.9587876051664352
Das ist der Fragetext 381,gut strukturierte LV,no,not analyzed,
Das ist der Fragetext 382,sehr interessante Themen,de,positive,0.9895781832747161
Das ist der Fragetext 383,sympathischer LV-Leiter,de,positive,0.9587876051664352
Das ist der Fragetext 384,,unknown,not analyzed,
Das ist der Fragetext 385,gut strukturierte LV,no,not analyzed,
Das ist der Fragetext 386,gut strukturierte LV,no,not analyzed,
Das ist der Fragetext 387,sympathischer LV-Leiter,de,positive,0.9587876051664352
Das ist der Fragetext 388,sympathischer LV-Leiter,de,positive,0.9587876051664352
Das ist der Fragetext 389,sympathischer LV-Leiter,de,positive,0.9587876051664352
Das ist der Fragetext 390,,unknown,not analyzed,
Das ist der Fragetext 391,sehr interessante Themen,de,positive,0.9895781832747161
Das ist der Fragetext 392,sympathischer LV-Leiter,de,positive,0.9587876051664352
Das ist der Fragetext 393,sympathischer LV-Leiter,de,positive,0.9587876051664352
Das ist der Fragetext 394,sehr interessante Themen,de,positive,0.9895781832747161
Das ist der Fragetext 395,sympathischer LV-Leiter,de,positive,0.9587876051664352
Das ist der Fragetext 396,sehr interessante Themen,de,positive,0.9895781832747161
Das ist der Fragetext 397,,unknown,not analyzed,
Das ist der Fragetext 398,gut strukturierte LV,no,not analyzed,
Das ist der Fragetext 399,,unknown,not analyzed,
Das ist der Fragetext 400,sympathischer LV-Leiter,de,positive,0.9587876051664352
Das ist der Fragetext 401,,unknown,not analyzed,
Das ist der Fragetext 402,,unknown,not analyzed,
Das ist der Fragetext 403,auf Studierende eingegangen,de,negative,-0.9036375433206558
Das ist der Fragetext 404,auf Studierende eingegangen,de,negative,-0.9036375433206558
Das ist der Fragetext 405,sehr interessante Themen,de,positive,0.9895781832747161
Das ist der Fragetext 406,sehr interessante Themen,de,positive,0.9895781832747161
Das ist der Fragetext 407,sehr interessante Themen,de,positive,0.9895781832747161
Das ist der Fragetext 408,sehr interessante Themen,de,positive,0.9895781832747161
Das ist der Fragetext 409,gut strukturierte LV,no,not analyzed,
Das ist der Fragetext 410,gut strukturierte LV,no,not analyzed,
Das ist der Fragetext 411,sympathischer LV-Leiter,de,positive,0.9587876051664352
Das ist der Fragetext 412,sympathischer LV-Leiter,de,positive,0.9587876051664352
Das ist der Fragetext 413,auf Studierende eingegangen,de,negative,-0.9036375433206558
Das ist der Fragetext 414,gut strukturierte LV,no,not analyzed,
Das ist der Fragetext 415,gut strukturierte LV,no,not analyzed,
Das ist der Fragetext 416,sehr interessante Themen,de,positive,0.9895781832747161
Das ist der Fragetext 417,sehr interessante Themen,de,positive,0.9895781832747161
Das ist der Fragetext 418,,unknown,not analyzed,
Das ist der Fragetext 419,,unknown,not analyzed,
Das ist der Fragetext 420,sympathischer LV-Leiter,de,positive,0.9587876051664352
Das ist der Fragetext 421,sympathischer LV-Leiter,de,positive,0.9587876051664352
Das ist der Fragetext 422,sehr interessante Themen,de,positive,0.9895781832747161
Das ist der Fragetext 423,,unknown,not analyzed,
Das ist der Fragetext 424,sehr interessante Themen,de,positive,0.9895781832747161
Das ist der Fragetext 425,sehr interessante Themen,de,positive,0.9895781832747161
Das ist der Fragetext 426,sehr interessante Themen,de,positive,0.9895781832747161
Das ist der Fragetext 427,sehr interessante Themen,de,positive,0.9895781832747161
Das ist der Fragetext 428,,unknown,not analyzed,
Das ist der Fragetext 429,,unknown,not analyzed,
Das ist der Fragetext 430,,unknown,not analyzed,
Das ist der Fragetext 431,,unknown,not analyzed,
Das ist der Fragetext 432,sympathischer LV-Leiter,de,positive,0.9587876051664352
Das ist der Fragetext 433,auf Studierende eingegangen,de,negative,-0.9036375433206558
Das ist der Fragetext 434,auf Studierende eingegangen,de,negative,-0.9036375433206558
Das ist der Fragetext 435,sehr interessante Themen,de,positive,0.9895781832747161
Das ist der Fragetext 436,sympathischer LV-Leiter,de,positive,0.9587876051664352
Das ist der Fragetext 437,,unknown,not analyzed,
Das ist der Fragetext 438,,unknown,not analyzed,
Das ist der Fragetext 439,sehr interessante Themen,de,positive,0.9895781832747161
Das ist der Fragetext 440,gut strukturierte LV,no,not analyzed,
Das ist der Fragetext 441,sehr interessante Themen,de,positive,0.9895781832747161
Das ist der Fragetext 442,,unknown,not analyzed,
Das ist der Fragetext 443,auf Studierende eingegangen,de,negative,-0.9036375433206558
Das ist der Fragetext 444,sympathischer LV-Leiter,de,positive,0.9587876051664352
Das ist der Fragetext 445,gut strukturierte LV,no,not analyzed,
Das ist der Fragetext 446,,unknown,not analyzed,
Das ist der Fragetext 447,sehr interessante Themen,de,positive,0.9895781832747161
Das ist der Fragetext 448,auf Studierende eingegangen,de,negative,-0.9036375433206558
Das ist der Fragetext 449,gut strukturierte LV,no,not analyzed,
Das ist der Fragetext 450,gut strukturierte LV,no,not analyzed,
Das ist der Fragetext 451,gut strukturierte LV,no,not analyzed,
Das ist der Fragetext 452,sehr interessante Themen,de,positive,0.9895781832747161
Das ist der Fragetext 453,gut strukturierte LV,no,not analyzed,
Das ist der Fragetext 454,gut strukturierte LV,no,not analyzed,
Das ist der Fragetext 455,sehr interessante Themen,de,positive,0.9895781832747161
Das ist der Fragetext 456,gut strukturierte LV,no,not analyzed,
Das ist der Fragetext 457,sehr interessante Themen,de,positive,0.9895781832747161
Das ist der Fragetext 458,sympathischer LV-Leiter,de,positive,0.9587876051664352
Das ist der Fragetext 459,sympathischer LV-Leiter,de,positive,0.9587876051664352
Das ist der Fragetext 460,,unknown,not analyzed,
Das ist der Fragetext 461,,unknown,not analyzed,
Das ist der Fragetext 462,gut strukturierte LV,no,not analyzed,
Das ist der Fragetext 463,auf Studierende eingegangen,de,negative,-0.9036375433206558
Das ist der Fragetext 464,auf Studierende eingegangen,de,negative,-0.9036375433206558
Das ist der Fragetext 465,,unknown,not analyzed,
Das ist der Fragetext 466,,unknown,not analyzed,
Das ist der Fragetext 467,sympathischer LV-Leiter,de,positive,0.9587876051664352
Das ist der Fragetext 468,sehr interessante Themen,de,positive,0.9895781832747161
Das ist der Fragetext 469,gut strukturierte LV,no,not analyzed,
Das ist der Fragetext 470,sympathischer LV-Leiter,de,positive,0.9587876051664352
Das ist der Fragetext 471,,unknown,not analyzed,
Das ist der Fragetext 472,sehr interessante Themen,de,positive,0.9895781832747161
Das ist der Fragetext 473,sympathischer LV-Leiter,de,positive,0.9587876051664352
Das ist der Fragetext 474,sehr interessante Themen,de,positive,0.9895781832747161
Das ist der Fragetext 475,,unknown,not analyzed,
Das ist der Fragetext 476,gut strukturierte LV,no,not analyzed,
Das ist der Fragetext 477,auf Studierende eingegangen,de,negative,-0.9036375433206558
Das ist der Fragetext 478,auf Studierende eingegangen,de,negative,-0.9036375433206558
Das ist der Fragetext 479,sympathischer LV-Leiter,de,positive,0.9587876051664352
Das ist der Fragetext 480,,unknown,not analyzed,
Das ist der Fragetext 481,,unknown,not analyzed,
Das ist der Fragetext 482,sehr interessante Themen,de,positive,0.9895781832747161
Das ist der Fragetext 483,gut strukturierte LV,no,not analyzed,
Das ist der Fragetext 484,,unknown,not analyzed,
Das ist der Fragetext 485,sympathischer LV-Leiter,de,positive,0.9587876051664352
Das ist der Fragetext 486,sehr interessante Themen,de,positive,0.9895781832747161
Das ist der Fragetext 487,sehr interessante Themen,de,positive,0.9895781832747161
Das ist der Fragetext 488,auf Studierende eingegangen,de,negative,-0.9036375433206558
Das ist der Fragetext 489,auf Studierende eingegangen,de,negative,-0.9036375433206558
Das ist der Fragetext 490,sehr interessante Themen,de,positive,0.9895781832747161
Das ist der Fragetext 491,sympathischer LV-Leiter,de,positive,0.9587876051664352
Das ist der Fragetext 492,sympathischer LV-Leiter,de,positive,0.9587876051664352
Das ist der Fragetext 493,gut strukturierte LV,no,not analyzed,
Das ist der Fragetext 494,sehr interessante Themen,de,positive,0.9895781832747161
Das ist der Fragetext 495,gut strukturierte LV,no,not analyzed,
Das ist der Fragetext 496,,unknown,not analyzed,
Das ist der Fragetext 497,auf Studierende eingegangen,de,negative,-0.9036375433206558
Das ist der Fragetext 498,gut strukturierte LV,no,not analyzed,
Das ist der Fragetext 499,,unknown,not analyzed,
Das ist der Fragetext 500,auf Studierende eingegangen,de,negative,-0.9036375433206558
Das ist der Fragetext 501,gut strukturierte LV,no,not analyzed,
Das ist der Fragetext 502,,unknown,not analyzed,
Das ist der Fragetext 503,gut strukturierte LV,no,not analyzed,
Das ist der Fragetext 504,gut strukturierte LV,no,not analyzed,
Das ist der Fragetext 505,gut strukturierte LV,no,not analyzed,
Das ist der Fragetext 506,gut strukturierte LV,no,not analyzed,
Das ist der Fragetext 507,sympathischer LV-Leiter,de,positive,0.9587876051664352
Das ist der Fragetext 508,sympathischer LV-Leiter,de,positive,0.9587876051664352
Das ist der Fragetext 509,,unknown,not analyzed,
Das ist der Fragetext 510,sympathischer LV-Leiter,de,positive,0.9587876051664352
Das ist der Fragetext 511,sympathischer LV-Leiter,de,positive,0.9587876051664352
Das ist der Fragetext 512,,unknown,not analyzed,
Das ist der Fragetext 513,gut strukturierte LV,no,not analyzed,
Das ist der Fragetext 514,gut strukturierte LV,no,not analyzed,
Das ist der Fragetext 515,,unknown,not analyzed,
Das ist der Fragetext 516,sympathischer LV-Leiter,de,positive,0.9587876051664352
Das ist der Fragetext 517,auf Studierende eingegangen,de,negative,-0.9036375433206558
Das ist der Fragetext 518,auf Studierende eingegangen,de,negative,-0.9036375433206558
Das ist der Fragetext 519,sehr interessante Themen,de,positive,0.9895781832747161
Das ist der Fragetext 520,,unknown,not analyzed,
Das ist der Fragetext 521,sehr interessante Themen,de,positive,0.9895781832747161
Das ist der Fragetext 522,auf Studierende eingegangen,de,negative,-0.9036375433206558
Das ist der Fragetext 523,gut strukturierte LV,no,not analyzed,
Das ist der Fragetext 524,sehr interessante Themen,de,positive,0.9895781832747161
Das ist der Fragetext 525,sehr interessante Themen,de,positive,0.9895781832747161
Das ist der Fragetext 526,sehr interessante Themen,de,positive,0.9895781832747161
Das ist der Fragetext 527,sympathischer LV-Leiter,de,positive,0.9587876051664352
Das ist der Fragetext 528,sehr interessante Themen,de,positive,0.9895781832747161
Das ist der Fragetext 529,sehr interessante Themen,de,positive,0.9895781832747161
Das ist der Fragetext 530,auf Studierende eingegangen,de,negative,-0.9036375433206558
Das ist der Fragetext 531,,unknown,not analyzed,
Das ist der Fragetext 532,,unknown,not analyzed,
Das ist der Fragetext 533,sehr interessante Themen,de,positive,0.9895781832747161
Das ist der Fragetext 534,sehr interessante Themen,de,positive,0.9895781832747161
Das ist der Fragetext 535,sehr interessante Themen,de,positive,0.9895781832747161
Das ist der Fragetext 536,sympathischer LV-Leiter,de,positive,0.9587876051664352
Das ist der Fragetext 537,sehr interessante Themen,de,positive,0.9895781832747161
Das ist der Fragetext 538,,unknown,not analyzed,
Das ist der Fragetext 539,gut strukturierte LV,no,not analyzed,
Das ist der Fragetext 540,gut strukturierte LV,no,not analyzed,
Das ist der Fragetext 541,gut strukturierte LV,no,not analyzed,
Das ist der Fragetext 542,gut strukturierte LV,no,not analyzed,
Das ist der Fragetext 543,auf Studierende eingegangen,de,negative,-0.9036375433206558
Das ist der Fragetext 544,,unknown,not analyzed,
Das ist der Fragetext 545,,unknown,not analyzed,
Das ist der Fragetext 546,gut strukturierte LV,no,not analyzed,
Das ist der Fragetext 547,,unknown,not analyzed,
Das ist der Fragetext 548,sehr interessante Themen,de,positive,0.9895781832747161
Das ist der Fragetext 549,sehr interessante Themen,de,positive,0.9895781832747161
Das ist der Fragetext 550,sympathischer LV-Leiter,de,positive,0.9587876051664352
Das ist der Fragetext 551,gut strukturierte LV,no,not analyzed,
Das ist der Fragetext 552,,unknown,not analyzed,
Das ist der Fragetext 553,auf Studierende eingegangen,de,negative,-0.9036375433206558
Das ist der Fragetext 554,,unknown,not analyzed,
Das ist der Fragetext 555,auf Studierende eingegangen,de,negative,-0.9036375433206558
Das ist der Fragetext 556,,unknown,not analyzed,
Das ist der Fragetext 557,auf Studierende eingegangen,de,negative,-0.9036375433206558
Das ist der Fragetext 558,auf Studierende eingegangen,de,negative,-0.9036375433206558
Das ist der Fragetext 559,sehr interessante Themen,de,positive,0.9895781832747161
Das ist der Fragetext 560,auf Studierende eingegangen,de,negative,-0.9036375433206558
Das ist der Fragetext 561,,unknown,not analyzed,
Das ist der Fragetext 562,gut strukturierte LV,no,not analyzed,
Das ist der Fragetext 563,,unknown,not analyzed,
Das ist der Fragetext 564,sehr interessante Themen,de,positive,0.9895781832747161
Das ist der Fragetext 565,auf Studierende eingegangen,de,negative,-0.9036375433206558
Das ist der Fragetext 566,gut strukturierte LV,no,not analyzed,
Das ist der Fragetext 567,sympathischer LV-Leiter,de,positive,0.9587876051664352
Das ist der Fragetext 568,sehr interessante Themen,de,positive,0.9895781832747161
Das ist der Fragetext 569,auf Studierende eingegangen,de,negative,-0.9036375433206558
Das ist der Fragetext 570,sympathischer LV-Leiter,de,positive,0.9587876051664352
Das ist der Fragetext 571,sympathischer LV-Leiter,de,positive,0.9587876051664352
Das ist der Fragetext 572,,unknown,not analyzed,
Das ist der Fragetext 573,gut strukturierte LV,no,not analyzed,
Das ist der Fragetext 574,sympathischer LV-Leiter,de,positive,0.9587876051664352
Das ist der Fragetext 575,sehr interessante Themen,de,positive,0.9895781832747161
Das ist der Fragetext 576,sympathischer LV-Leiter,de,positive,0.9587876051664352
Das ist der Fragetext 577,auf Studierende eingegangen,de,negative,-0.9036375433206558
Das ist der Fragetext 578,auf Studierende eingegangen,de,negative,-0.9036375433206558
Das ist der Fragetext 579,gut strukturierte LV,no,not analyzed,
Das ist der Fragetext 580,sympathischer LV-Leiter,de,positive,0.9587876051664352
Das ist der Fragetext 581,,unknown,not analyzed,
Das ist der Fragetext 582,,unknown,not analyzed,
Das ist der Fragetext 583,sehr interessante Themen,de,positive,0.9895781832747161
Das ist der Fragetext 584,sympathischer LV-Leiter,de,positive,0.9587876051664352
Das ist der Fragetext 585,,unknown,not analyzed,
Das ist der Fragetext 586,sympathischer LV-Leiter,de,positive,0.9587876051664352
Das ist der Fragetext 587,,unknown,not analyzed,
Das ist der Fragetext 588,sympathischer LV-Leiter,de,positive,0.9587876051664352
Das ist der Fragetext 589,auf Studierende eingegangen,de,negative,-0.9036375433206558
Das ist der Fragetext 590,,unknown,not analyzed,
Das ist der Fragetext 591,auf Studierende eingegangen,de,negative,-0.9036375433206558
Das ist der Fragetext 592,auf Studierende eingegangen,de,negative,-0.9036375433206558
Das ist der Fragetext 593,sehr interessante Themen,de,positive,0.9895781832747161
Das ist der Fragetext 594,sympathischer LV-Leiter,de,positive,0.9587876051664352
Das ist der Fragetext 595,,unknown,not analyzed,
Das ist der Fragetext 596,auf Studierende eingegangen,de,negative,-0.9036375433206558
Das ist der Fragetext 597,auf Studierende eingegangen,de,negative,-0.9036375433206558
Das ist der Fragetext 598,sehr interessante Themen,de,positive,0.9895781832747161
Das ist der Fragetext 599,gut strukturierte LV,no,not analyzed,
Das ist der Fragetext 600,sympathischer LV-Leiter,de,positive,0.9587876051664352
Das ist der Fragetext 601,gut strukturierte LV,no,not analyzed,
Das ist der Fragetext 602,sympathischer LV-Leiter,de,positive,0.9587876051664352
Das ist der Fragetext 603,sehr interessante Themen,de,positive,0.9895781832747161
Das ist der Fragetext 604,sehr interessante Themen,de,positive,0.9895781832747161
Das ist der Fragetext 605,,unknown,not analyzed,
Das ist der Fragetext 606,gut strukturierte LV,no,not analyzed,
Das ist der Fragetext 607,auf Studierende eingegangen,de,negative,-0.9036375433206558
Das ist der Fragetext 608,auf Studierende eingegangen,de,negative,-0.9036375433206558
Das ist der Fragetext 609,sympathischer LV-Leiter,de,positive,0.9587876051664352
Das ist der Fragetext 610,,unknown,not analyzed,
Das ist der Fragetext 611,auf Studierende eingegangen,de,negative,-0.9036375433206558
Das ist der Fragetext 612,sehr interessante Themen,de,positive,0.9895781832747161
Das ist der Fragetext 613,auf Studierende eingegangen,de,negative,-0.9036375433206558
Das ist der Fragetext 614,sympathischer LV-Leiter,de,positive,0.9587876051664352
Das ist der Fragetext 615,,unknown,not analyzed,
Das ist der Fragetext 616,gut strukturierte LV,no,not analyzed,
Das ist der Fragetext 617,,unknown,not analyzed,
Das ist der Fragetext 618,sympathischer LV-Leiter,de,positive,0.9587876051664352
Das ist der Fragetext 619,gut strukturierte LV,no,not analyzed,
Das ist der Fragetext 620,sympathischer LV-Leiter,de,positive,0.9587876051664352
Das ist der Fragetext 621,auf Studierende eingegangen,de,negative,-0.9036375433206558
Das ist der Fragetext 622,gut strukturierte LV,no,not analyzed,
Das ist der Fragetext 623,sehr interessante Themen,de,positive,0.9895781832747161
Das ist der Fragetext 624,sympathischer LV-Leiter,de,positive,0.9587876051664352
Das ist der Fragetext 625,sympathischer LV-Leiter,de,positive,0.9587876051664352
Das ist der Fragetext 626,sympathischer LV-Leiter,de,positive,0.9587876051664352
Das ist der Fragetext 627,sympathischer LV-Leiter,de,positive,0.9587876051664352
Das ist der Fragetext 628,auf Studierende eingegangen,de,negative,-0.9036375433206558
Das ist der Fragetext 629,sehr interessante Themen,de,positive,0.9895781832747161
Das ist der Fragetext 630,auf Studierende eingegangen,de,negative,-0.9036375433206558
Das ist der Fragetext 631,sympathischer LV-Leiter,de,positive,0.9587876051664352
Das ist der Fragetext 632,,unknown,not analyzed,
Das ist der Fragetext 633,sehr interessante Themen,de,positive,0.9895781832747161
Das ist der Fragetext 634,auf Studierende eingegangen,de,negative,-0.9036375433206558
Das ist der Fragetext 635,auf Studierende eingegangen,de,negative,-0.9036375433206558
Das ist der Fragetext 636,auf Studierende eingegangen,de,negative,-0.9036375433206558
Das ist der Fragetext 637,,unknown,not analyzed,
Das ist der Fragetext 638,,unknown,not analyzed,
Das ist der Fragetext 639,,unknown,not analyzed,
Das ist der Fragetext 640,auf Studierende eingegangen,de,negative,-0.9036375433206558
Das ist der Fragetext 641,auf Studierende eingegangen,de,negative,-0.9036375433206558
Das ist der Fragetext 642,,unknown,not analyzed,
Das ist der Fragetext 643,,unknown,not analyzed,
Das ist der Fragetext 644,sehr interessante Themen,de,positive,0.9895781832747161
Das ist der Fragetext 645,sympathischer LV-Leiter,de,positive,0.9587876051664352
Das ist der Fragetext 646,sehr interessante Themen,de,positive,0.9895781832747161
Das ist der Fragetext 647,auf Studierende eingegangen,de,negative,-0.9036375433206558
Das ist der Fragetext 648,,unknown,not analyzed,
Das ist der Fragetext 649,gut strukturierte LV,no,not analyzed,
Das ist der Fragetext 650,auf Studierende eingegangen,de,negative,-0.9036375433206558
Das ist der Fragetext 651,,unknown,not analyzed,
Das ist der Fragetext 652,gut strukturierte LV,no,not analyzed,
Das ist der Fragetext 653,sehr interessante Themen,de,positive,0.9895781832747161
Das ist der Fragetext 654,auf Studierende eingegangen,de,negative,-0.9036375433206558
Das ist der Fragetext 655,gut strukturierte LV,no,not analyzed,
Das ist der Fragetext 656,sehr interessante Themen,de,positive,0.9895781832747161
Das ist der Fragetext 657,,unknown,not analyzed,
Das ist der Fragetext 658,auf Studierende eingegangen,de,negative,-0.9036375433206558
Das ist der Fragetext 659,sympathischer LV-Leiter,de,positive,0.9587876051664352
Das ist der Fragetext 660,,unknown,not analyzed,
Das ist der Fragetext 661,sehr interessante Themen,de,positive,0.9895781832747161
Das ist der Fragetext 662,gut strukturierte LV,no,not analyzed,
Das ist der Fragetext 663,gut strukturierte LV,no,not analyzed,
Das ist der Fragetext 664,gut strukturierte LV,no,not analyzed,
Das ist der Fragetext 665,gut strukturierte LV,no,not analyzed,
Das ist der Fragetext 666,sympathischer LV-Leiter,de,positive,0.9587876051664352
Das ist der Fragetext 667,,unknown,not analyzed,
Das ist der Fragetext 668,gut strukturierte LV,no,not analyzed,
Das ist der Fragetext 669,sympathischer LV-Leiter,de,positive,0.9587876051664352
Das ist der Fragetext 670,sympathischer LV-Leiter,de,positive,0.9587876051664352
Das ist der Fragetext 671,,unknown,not analyzed,
Das ist der Fragetext 672,sympathischer LV-Leiter,de,positive,0.9587876051664352
Das ist der Fragetext 673,sehr interessante Themen,de,positive,0.9895781832747161
Das ist der Fragetext 674,sehr interessante Themen,de,positive,0.9895781832747161
Das ist der Fragetext 675,sympathischer LV-Leiter,de,positive,0.9587876051664352
Das ist der Fragetext 676,auf Studierende eingegangen,de,negative,-0.9036375433206558
Das ist der Fragetext 677,sehr interessante Themen,de,positive,0.9895781832747161
Das ist der Fragetext 678,sympathischer LV-Leiter,de,positive,0.9587876051664352
Das ist der Fragetext 679,auf Studierende eingegangen,de,negative,-0.9036375433206558
Das ist der Fragetext 680,,unknown,not analyzed,
Das ist der Fragetext 681,,unknown,not analyzed,
Das ist der Fragetext 682,sehr interessante Themen,de,positive,0.9895781832747161
Das ist der Fragetext 683,auf Studierende eingegangen,de,negative,-0.9036375433206558
Das ist der Fragetext 684,sympathischer LV-Leiter,de,positive,0.9587876051664352
Das ist der Fragetext 685,auf Studierende eingegangen,de,negative,-0.9036375433206558
Das ist der Fragetext 686,auf Studierende eingegangen,de,negative,-0.9036375433206558
Das ist der Fragetext 687,,unknown,not analyzed,
Das ist der Fragetext 688,sehr interessante Themen,de,positive,0.9895781832747161
Das ist der Fragetext 689,gut strukturierte LV,no,not analyzed,
Das ist der Fragetext 690,sehr interessante Themen,de,positive,0.9895781832747161
Das ist der Fragetext 691,gut strukturierte LV,no,not analyzed,
Das ist der Fragetext 692,,unknown,not analyzed,
Das ist der Fragetext 693,sympathischer LV-Leiter,de,positive,0.9587876051664352
Das ist der Fragetext 694,,unknown,not analyzed,
Das ist der Fragetext 695,gut strukturierte LV,no,not analyzed,
Das ist der Fragetext 696,,unknown,not analyzed,
Das ist der Fragetext 697,,unknown,not analyzed,
Das ist der Fragetext 698,,unknown,not analyzed,
Das ist der Fragetext 699,,unknown,not analyzed,
Das ist der Fragetext 700,sehr interessante Themen,de,positive,0.9895781832747161
Das ist der Fragetext 701,sehr interessante Themen,de,positive,0.9895781832747161
Das ist der Fragetext 702,sympathischer LV-Leiter,de,positive,0.9587876051664352
Das ist der Fragetext 703,,unknown,not analyzed,
Das ist der Fragetext 704,gut strukturierte LV,no,not analyzed,
Das ist der Fragetext 705,gut strukturierte LV,no,not analyzed,
Das ist der Fragetext 706,,unknown,not analyzed,
Das ist der Fragetext 707,,unknown,not analyzed,
Das ist der Fragetext 708,sympathischer LV-Leiter,de,positive,0.9587876051664352
Das ist der Fragetext 709,sehr interessante Themen,de,positive,0.9895781832747161
Das ist der Fragetext 710,,unknown,not analyzed,
Das ist der Fragetext 711,,unknown,not analyzed,
Das ist der Fragetext 712,gut strukturierte LV,no,not analyzed,
Das ist der Fragetext 713,sehr interessante Themen,de,positive,0.9895781832747161
Das ist der Fragetext 714,sympathischer LV-Leiter,de,positive,0.9587876051664352
Das ist der Fragetext 715,auf Studierende eingegangen,de,negative,-0.9036375433206558
Das ist der Fragetext 716,auf Studierende eingegangen,de,negative,-0.9036375433206558
Das ist der Fragetext 717,gut strukturierte LV,no,not analyzed,
Das ist der Fragetext 718,,unknown,not analyzed,
Das ist der Fragetext 719,sehr interessante Themen,de,positive,0.9895781832747161
Das ist der Fragetext 720,auf Studierende eingegangen,de,negative,-0.9036375433206558
Das ist der Fragetext 721,auf Studierende eingegangen,de,negative,-0.9036375433206558
Das ist der Fragetext 722,gut strukturierte LV,no,not analyzed,
Das ist der Fragetext 723,sehr interessante Themen,de,positive,0.9895781832747161
Das ist der Fragetext 724,auf Studierende eingegangen,de,negative,-0.9036375433206558
Das ist der Fragetext 725,sehr interessante Themen,de,positive,0.9895781832747161
Das ist der Fragetext 726,auf Studierende eingegangen,de,negative,-0.9036375433206558
Das ist der Fragetext 727,sympathischer LV-Leiter,de,positive,0.9587876051664352
Das ist der Fragetext 728,,unknown,not analyzed,
Das ist der Fragetext 729,,unknown,not analyzed,
Das ist der Fragetext 730,sympathischer LV-Leiter,de,positive,0.9587876051664352
Das ist der Fragetext 731,gut strukturierte LV,no,not analyzed,
Das ist der Fragetext 732,,unknown,not analyzed,
Das ist der Fragetext 733,,unknown,not analyzed,
Das ist der Fragetext 734,sympathischer LV-Leiter,de,positive,0.9587876051664352
Das ist der Fragetext 735,sehr interessante Themen,de,positive,0.9895781832747161
Das ist der Fragetext 736,sehr interessante Themen,de,positive,0.9895781832747161
Das ist der Fragetext 737,sympathischer LV-Leiter,de,positive,0.9587876051664352
Das ist der Fragetext 738,sehr interessante Themen,de,positive,0.9895781832747161
Das ist der Fragetext 739,sehr interessante Themen,de,positive,0.9895781832747161
Das ist der Fragetext 740,sehr interessante Themen,de,positive,0.9895781832747161
Das ist der Fragetext 741,sehr interessante Themen,de,positive,0.9895781832747161
Das ist der Fragetext 742,gut strukturierte LV,no,not analyzed,
Das ist der Fragetext 743,auf Studierende eingegangen,de,negative,-0.9036375433206558
Das ist der Fragetext 744,sympathischer LV-Leiter,de,positive,0.9587876051664352
Das ist der Fragetext 745,sympathischer LV-Leiter,de,positive,0.9587876051664352
Das ist der Fragetext 746,,unknown,not analyzed,
Das ist der Fragetext 747,,unknown,not analyzed,
Das ist der Fragetext 748,sympathischer LV-Leiter,de,positive,0.9587876051664352
Das ist der Fragetext 749,gut strukturierte LV,no,not analyzed,
Das ist der Fragetext 750,auf Studierende eingegangen,de,negative,-0.9036375433206558
Das ist der Fragetext 751,sehr interessante Themen,de,positive,0.9895781832747161
Das ist der Fragetext 752,sehr interessante Themen,de,positive,0.9895781832747161
Das ist der Fragetext 753,sehr interessante Themen,de,positive,0.9895781832747161
Das ist der Fragetext 754,gut strukturierte LV,no,not analyzed,
Das ist der Fragetext 755,,unknown,not analyzed,
Das ist der Fragetext 756,auf Studierende eingegangen,de,negative,-0.9036375433206558
Das ist der Fragetext 757,sehr interessante Themen,de,positive,0.9895781832747161
Das ist der Fragetext 758,auf Studierende eingegangen,de,negative,-0.9036375433206558
Das ist der Fragetext 759,auf Studierende eingegangen,de,negative,-0.9036375433206558
Das ist der Fragetext 760,auf Studierende eingegangen,de,negative,-0.9036375433206558
Das ist der Fragetext 761,,unknown,not analyzed,
Das ist der Fragetext 762,auf Studierende eingegangen,de,negative,-0.9036375433206558
Das ist der Fragetext 763,gut strukturierte LV,no,not analyzed,
Das ist der Fragetext 764,,unknown,not analyzed,
Das ist der Fragetext 765,auf Studierende eingegangen,de,negative,-0.9036375433206558
Das ist der Fragetext 766,gut strukturierte LV,no,not analyzed,
Das ist der Fragetext 767,sympathischer LV-Leiter,de,positive,0.9587876051664352
Das ist der Fragetext 768,auf Studierende eingegangen,de,negative,-0.9036375433206558
Das ist der Fragetext 769,auf Studierende eingegangen,de,negative,-0.9036375433206558
Das ist der Fragetext 770,,unknown,not analyzed,
Das ist der Fragetext 771,auf Studierende eingegangen,de,negative,-0.9036375433206558
Das ist der Fragetext 772,,unknown,not analyzed,
Das ist der Fragetext 773,gut strukturierte LV,no,not analyzed,
Das ist der Fragetext 774,gut strukturierte LV,no,not analyzed,
Das ist der Fragetext 775,sehr interessante Themen,de,positive,0.9895781832747161
Das ist der Fragetext 776,sympathischer LV-Leiter,de,positive,0.9587876051664352
Das ist der Fragetext 777,,unknown,not analyzed,
Das ist der Fragetext 778,sehr interessante Themen,de,positive,0.9895781832747161
Das ist der Fragetext 779,auf Studierende eingegangen,de,negative,-0.9036375433206558
Das ist der Fragetext 780,sympathischer LV-Leiter,de,positive,0.9587876051664352
Das ist der Fragetext 781,gut strukturierte LV,no,not analyzed,
Das ist der Fragetext 782,gut strukturierte LV,no,not analyzed,
Das ist der Fragetext 783,sympathischer LV-Leiter,de,positive,0.9587876051664352
Das ist der Fragetext 784,,unknown,not analyzed,
Das ist der Fragetext 785,sympathischer LV-Leiter,de,positive,0.9587876051664352
Das ist der Fragetext 786,gut strukturierte LV,no,not analyzed,
Das ist der Fragetext 787,sehr interessante Themen,de,positive,0.9895781832747161
Das ist der Fragetext 788,,unknown,not analyzed,
Das ist der Fragetext 789,sympathischer LV-Leiter,de,positive,0.9587876051664352
Das ist der Fragetext 790,,unknown,not analyzed,
Das ist der Fragetext 791,auf Studierende eingegangen,de,negative,-0.9036375433206558
Das ist der Fragetext 792,sehr interessante Themen,de,positive,0.9895781832747161
Das ist der Fragetext 793,gut strukturierte LV,no,not analyzed,
Das ist der Fragetext 794,auf Studierende eingegangen,de,negative,-0.9036375433206558
Das ist der Fragetext 795,sehr interessante Themen,de,positive,0.9895781832747161
Das ist der Fragetext 796,gut strukturierte LV,no,not analyzed,
Das ist der Fragetext 797,sympathischer LV-Leiter,de,positive,0.9587876051664352
Das ist der Fragetext 798,sehr interessante Themen,de,positive,0.9895781832747161
Das ist der Fragetext 799,,unknown,not analyzed,
Das ist der Fragetext 800,auf Studierende eingegangen,de,negative,-0.9036375433206558
Das ist der Fragetext 801,sehr interessante Themen,de,positive,0.9895781832747161
Das ist der Fragetext 802,sympathischer LV-Leiter,de,positive,0.9587876051664352
Das ist der Fragetext 803,auf Studierende eingegangen,de,negative,-0.9036375433206558
Das ist der Fragetext 804,,unknown,not analyzed,
Das ist der Fragetext 805,sympathischer LV-Leiter,de,positive,0.9587876051664352
Das ist der Fragetext 806,,unknown,not analyzed,
Das ist der Fragetext 807,sympathischer LV-Leiter,de,positive,0.9587876051664352
Das ist der Fragetext 808,gut strukturierte LV,no,not analyzed,
Das ist der Fragetext 809,sehr interessante Themen,de,positive,0.9895781832747161
Das ist der Fragetext 810,gut strukturierte LV,no,not analyzed,
Das ist der Fragetext 811,auf Studierende eingegangen,de,negative,-0.9036375433206558
Das ist der Fragetext 812,sympathischer LV-Leiter,de,positive,0.9587876051664352
Das ist der Fragetext 813,sehr interessante Themen,de,positive,0.9895781832747161
Das ist der Fragetext 814,,unknown,not analyzed,
Das ist der Fragetext 815,sehr interessante Themen,de,positive,0.9895781832747161
Das ist der Fragetext 816,auf Studierende eingegangen,de,negative,-0.9036375433206558
Das ist der Fragetext 817,sehr interessante Themen,de,positive,0.9895781832747161
Das ist der Fragetext 818,sehr interessante Themen,de,positive,0.9895781832747161
Das ist der Fragetext 819,,unknown,not analyzed,
Das ist der Fragetext 820,gut strukturierte LV,no,not analyzed,
Das ist der Fragetext 821,auf Studierende eingegangen,de,negative,-0.9036375433206558
Das ist der Fragetext 822,auf Studierende eingegangen,de,negative,-0.9036375433206558
Das ist der Fragetext 823,sympathischer LV-Leiter,de,positive,0.9587876051664352
Das ist der Fragetext 824,sympathischer LV-Leiter,de,positive,0.9587876051664352
Das ist der Fragetext 825,gut strukturierte LV,no,not analyzed,
Das ist der Fragetext 826,gut strukturierte LV,no,not analyzed,
Das ist der Fragetext 827,,unknown,not analyzed,
Das ist der Fragetext 828,sehr interessante Themen,de,positive,0.9895781832747161
Das ist der Fragetext 829,,unknown,not analyzed,
Das ist der Fragetext 830,sympathischer LV-Leiter,de,positive,0.9587876051664352
Das ist der Fragetext 831,sehr interessante Themen,de,positive,0.9895781832747161
Das ist der Fragetext 832,sympathischer LV-Leiter,de,positive,0.9587876051664352
Das ist der Fragetext 833,sehr interessante Themen,de,positive,0.9895781832747161
Das ist der Fragetext 834,gut strukturierte LV,no,not analyzed,
Das ist der Fragetext 835,sympathischer LV-Leiter,de,positive,0.9587876051664352
Das ist der Fragetext 836,sehr interessante Themen,de,positive,0.9895781832747161
Das ist der Fragetext 837,gut strukturierte LV,no,not analyzed,
Das ist der Fragetext 838,sympathischer LV-Leiter,de,positive,0.9587876051664352
Das ist der Fragetext 839,sehr interessante Themen,de,positive,0.9895781832747161
Das ist der Fragetext 840,gut strukturierte LV,no,not analyzed,
Das ist der Fragetext 841,,unknown,not analyzed,
Das ist der Fragetext 842,sehr interessante Themen,de,positive,0.9895781832747161
Das ist der Fragetext 843,,unknown,not analyzed,
Das ist der Fragetext 844,,unknown,not analyzed,
Das ist der Fragetext 845,,unknown,not analyzed,
Das ist der Fragetext 846,auf Studierende eingegangen,de,negative,-0.9036375433206558
Das ist der Fragetext 847,auf Studierende eingegangen,de,negative,-0.9036375433206558
Das ist der Fragetext 848,sympathischer LV-Leiter,de,positive,0.9587876051664352
Das ist der Fragetext 849,,unknown,not analyzed,
Das ist der Fragetext 850,sympathischer LV-Leiter,de,positive,0.9587876051664352
Das ist der Fragetext 851,gut strukturierte LV,no,not analyzed,
Das ist der Fragetext 852,,unknown,not analyzed,
Das ist der Fragetext 853,sehr interessante Themen,de,positive,0.9895781832747161
Das ist der Fragetext 854,auf Studierende eingegangen,de,negative,-0.9036375433206558
Das ist der Fragetext 855,sympathischer LV-Leiter,de,positive,0.9587876051664352
Das ist der Fragetext 856,sehr interessante Themen,de,positive,0.9895781832747161
Das ist der Fragetext 857,sympathischer LV-Leiter,de,positive,0.9587876051664352
Das ist der Fragetext 858,sehr interessante Themen,de,positive,0.9895781832747161
Das ist der Fragetext 859,,unknown,not analyzed,
Das ist der Fragetext 860,,unknown,not analyzed,
Das ist der Fragetext 861,gut strukturierte LV,no,not analyzed,
Das ist der Fragetext 862,gut strukturierte LV,no,not analyzed,
Das ist der Fragetext 863,sympathischer LV-Leiter,de,positive,0.9587876051664352
Das ist der Fragetext 864,auf Studierende eingegangen,de,negative,-0.9036375433206558
Das ist der Fragetext 865,auf Studierende eingegangen,de,negative,-0.9036375433206558
Das ist der Fragetext 866,sehr interessante Themen,de,positive,0.9895781832747161
Das ist der Fragetext 867,gut strukturierte LV,no,not analyzed,
Das ist der Fragetext 868,sympathischer LV-Leiter,de,positive,0.9587876051664352
Das ist der Fragetext 869,,unknown,not analyzed,
Das ist der Fragetext 870,,unknown,not analyzed,
Das ist der Fragetext 871,sehr interessante Themen,de,positive,0.9895781832747161
Das ist der Fragetext 872,sympathischer LV-Leiter,de,positive,0.9587876051664352
Das ist der Fragetext 873,auf Studierende eingegangen,de,negative,-0.9036375433206558
Das ist der Fragetext 874,sehr interessante Themen,de,positive,0.9895781832747161
Das ist der Fragetext 875,,unknown,not analyzed,
Das ist der Fragetext 876,auf Studierende eingegangen,de,negative,-0.9036375433206558
Das ist der Fragetext 877,,unknown,not analyzed,
Das ist der Fragetext 878,sehr interessante Themen,de,positive,0.9895781832747161
Das ist der Fragetext 879,gut strukturierte LV,no,not analyzed,
Das ist der Fragetext 880,sympathischer LV-Leiter,de,positive,0.9587876051664352
Das ist der Fragetext 881,auf Studierende eingegangen,de,negative,-0.9036375433206558
Das ist der Fragetext 882,,unknown,not analyzed,
Das ist der Fragetext 883,auf Studierende eingegangen,de,negative,-0.9036375433206558
Das ist der Fragetext 884,gut strukturierte LV,no,not analyzed,
Das ist der Fragetext 885,auf Studierende eingegangen,de,negative,-0.9036375433206558
Das ist der Fragetext 886,sehr interessante Themen,de,positive,0.9895781832747161
Das ist der Fragetext 887,gut strukturierte LV,no,not analyzed,
Das ist der Fragetext 888,sehr interessante Themen,de,positive,0.9895781832747161
Das ist der Fragetext 889,,unknown,not analyzed,
Das ist der Fragetext 890,auf Studierende eingegangen,de,negative,-0.9036375433206558
Das ist der Fragetext 891,gut strukturierte LV,no,not analyzed,
Das ist der Fragetext 892,gut strukturierte LV,no,not analyzed,
Das ist der Fragetext 893,,unknown,not analyzed,
Das ist der Fragetext 894,gut strukturierte LV,no,not analyzed,
Das ist der Fragetext 895,auf Studierende eingegangen,de,negative,-0.9036375433206558
Das ist der Fragetext 896,auf Studierende eingegangen,de,negative,-0.9036375433206558
Das ist der Fragetext 897,sehr interessante Themen,de,positive,0.9895781832747161
Das ist der Fragetext 898,,unknown,not analyzed,
Das ist der Fragetext 899,sehr interessante Themen,de,positive,0.9895781832747161
Das ist der Fragetext 900,auf Studierende eingegangen,de,negative,-0.9036375433206558
Das ist der Fragetext 901,auf Studierende eingegangen,de,negative,-0.9036375433206558
Das ist der Fragetext 902,auf Studierende eingegangen,de,negative,-0.9036375433206558
Das ist der Fragetext 903,,unknown,not analyzed,
Das ist der Fragetext 904,gut strukturierte LV,no,not analyzed,
Das ist der Fragetext 905,gut strukturierte LV,no,not analyzed,
Das ist der Fragetext 906,sympathischer LV-Leiter,de,positive,0.9587876051664352
Das ist der Fragetext 907,sehr interessante Themen,de,positive,0.9895781832747161
Das ist der Fragetext 908,gut strukturierte LV,no,not analyzed,
Das ist der Fragetext 909,gut strukturierte LV,no,not analyzed,
Das ist der Fragetext 910,auf Studierende eingegangen,de,negative,-0.9036375433206558
Das ist der Fragetext 911,sympathischer LV-Leiter,de,positive,0.9587876051664352
Das ist der Fragetext 912,,unknown,not analyzed,
Das ist der Fragetext 913,,unknown,not analyzed,
Das ist der Fragetext 914,auf Studierende eingegangen,de,negative,-0.9036375433206558
Das ist der Fragetext 915,gut strukturierte LV,no,not analyzed,
Das ist der Fragetext 916,sympathischer LV-Leiter,de,positive,0.9587876051664352
Das ist der Fragetext 917,sehr interessante Themen,de,positive,0.9895781832747161
Das ist der Fragetext 918,sehr interessante Themen,de,positive,0.9895781832747161
Das ist der Fragetext 919,,unknown,not analyzed,
Das ist der Fragetext 920,sympathischer LV-Leiter,de,positive,0.9587876051664352
Das ist der Fragetext 921,sehr interessante Themen,de,positive,0.9895781832747161
Das ist der Fragetext 922,sympathischer LV-Leiter,de,positive,0.9587876051664352
Das ist der Fragetext 923,gut strukturierte LV,no,not analyzed,
Das ist der Fragetext 924,auf Studierende eingegangen,de,negative,-0.9036375433206558
Das ist der Fragetext 925,sympathischer LV-Leiter,de,positive,0.9587876051664352
Das ist der Fragetext 926,auf Studierende eingegangen,de,negative,-0.9036375433206558
Das ist der Fragetext 927,gut strukturierte LV,no,not analyzed,
Das ist der Fragetext 928,sehr interessante Themen,de,positive,0.9895781832747161
Das ist der Fragetext 929,gut strukturierte LV,no,not analyzed,
Das ist der Fragetext 930,auf Studierende eingegangen,de,negative,-0.9036375433206558
Das ist der Fragetext 931,auf Studierende eingegangen,de,negative,-0.9036375433206558
Das ist der Fragetext 932,sehr interessante Themen,de,positive,0.9895781832747161
Das ist der Fragetext 933,sehr interessante Themen,de,positive,0.9895781832747161
Das ist der Fragetext 934,auf Studierende eingegangen,de,negative,-0.9036375433206558
Das ist der Fragetext 935,sehr interessante Themen,de,positive,0.9895781832747161
Das ist der Fragetext 936,sympathischer LV-Leiter,de,positive,0.9587876051664352
Das ist der Fragetext 937,sehr interessante Themen,de,positive,0.9895781832747161
Das ist der Fragetext 938,sehr interessante Themen,de,positive,0.9895781832747161
Das ist der Fragetext 939,sympathischer LV-Leiter,de,positive,0.9587876051664352
Das ist der Fragetext 940,,unknown,not analyzed,
Das ist der Fragetext 941,sympathischer LV-Leiter,de,positive,0.9587876051664352
Das ist der Fragetext 942,,unknown,not analyzed,
Das ist der Fragetext 943,sympathischer LV-Leiter,de,positive,0.9587876051664352
Das ist der Fragetext 944,auf Studierende eingegangen,de,negative,-0.9036375433206558
Das ist der Fragetext 945,auf Studierende eingegangen,de,negative,-0.9036375433206558
Das ist der Fragetext 946,,unknown,not analyzed,
Das ist der Fragetext 947,gut strukturierte LV,no,not analyzed,
Das ist der Fragetext 948,sympathischer LV-Leiter,de,positive,0.9587876051664352
Das ist der Fragetext 949,sehr interessante Themen,de,positive,0.9895781832747161
Das ist der Fragetext 950,sehr interessante Themen,de,positive,0.9895781832747161
Das ist der Fragetext 951,auf Studierende eingegangen,de,negative,-0.9036375433206558
Das ist der Fragetext 952,,unknown,not analyzed,
Das ist der Fragetext 953,sehr interessante Themen,de,positive,0.9895781832747161
Das ist der Fragetext 954,,unknown,not analyzed,
Das ist der Fragetext 955,gut strukturierte LV,no,not analyzed,
Das ist der Fragetext 956,gut strukturierte LV,no,not analyzed,
Das ist der Fragetext 957,sehr interessante Themen,de,positive,0.9895781832747161
Das ist der Fragetext 958,auf Studierende eingegangen,de,negative,-0.9036375433206558
Das ist der Fragetext 959,,unknown,not analyzed,
Das ist der Fragetext 960,,unknown,not analyzed,
Das ist der Fragetext 961,auf Studierende eingegangen,de,negative,-0.9036375433206558
Das ist der Fragetext 962,sympathischer LV-Leiter,de,positive,0.9587876051664352
Das ist der Fragetext 963,,unknown,not analyzed,
Das ist der Fragetext 964,sympathischer LV-Leiter,de,positive,0.9587876051664352
Das ist der Fragetext 965,sehr interessante Themen,de,positive,0.9895781832747161
Das ist der Fragetext 966,gut strukturierte LV,no,not analyzed,
Das ist der Fragetext 967,,unknown,not analyzed,
Das ist der Fragetext 968,sympathischer LV-Leiter,de,positive,0.9587876051664352
Das ist der Fragetext 969,gut strukturierte LV,no,not analyzed,
Das ist der Fragetext 970,sehr interessante Themen,de,positive,0.9895781832747161
Das ist der Fragetext 971,gut strukturierte LV,no,not analyzed,
Das ist der Fragetext 972,sehr interessante Themen,de,positive,0.9895781832747161
Das ist der Fragetext 973,gut strukturierte LV,no,not analyzed,
Das ist der Fragetext 974,gut strukturierte LV,no,not analyzed,
Das ist der Fragetext 975,auf Studierende eingegangen,de,negative,-0.9036375433206558
Das ist der Fragetext 976,,unknown,not analyzed,
Das ist der Fragetext 977,sehr interessante Themen,de,positive,0.9895781832747161
Das ist der Fragetext 978,sympathischer LV-Leiter,de,positive,0.9587876051664352
Das ist der Fragetext 979,sehr interessante Themen,de,positive,0.9895781832747161
Das ist der Fragetext 980,auf Studierende eingegangen,de,negative,-0.9036375433206558
Das ist der Fragetext 981,sympathischer LV-Leiter,de,positive,0.9587876051664352
Das ist der Fragetext 982,auf Studierende eingegangen,de,negative,-0.9036375433206558
Das ist der Fragetext 983,auf Studierende eingegangen,de,negative,-0.9036375433206558
Das ist der Fragetext 984,,unknown,not analyzed,
Das ist der Fragetext 985,sympathischer LV-Leiter,de,positive,0.9587876051664352
Das ist der Fragetext 986,gut strukturierte LV,no,not analyzed,
Das ist der Fragetext 987,sehr interessante Themen,de,positive,0.9895781832747161
Das ist der Fragetext 988,,unknown,not analyzed,
Das ist der Fragetext 989,sympathischer LV-Leiter,de,positive,0.9587876051664352
Das ist der Fragetext 990,sympathischer LV-Leiter,de,positive,0.9587876051664352
Das ist der Fragetext 991,gut strukturierte LV,no,not analyzed,
Das ist der Fragetext 992,,unknown,not analyzed,
Das ist der Fragetext 993,auf Studierende eingegangen,de,negative,-0.9036375433206558
Das ist der Fragetext 994,sympathischer LV-Leiter,de,positive,0.9587876051664352
Das ist der Fragetext 995,sympathischer LV-Leiter,de,positive,0.9587876051664352
Das ist der Fragetext 996,,unknown,not analyzed,
Das ist der Fragetext 997,sympathischer LV-Leiter,de,positive,0.9587876051664352
Das ist der Fragetext 998,gut strukturierte LV,no,not analyzed,
Das ist der Fragetext 999,sehr interessante Themen,de,positive,0.9895781832747161
Das ist der Fragetext 1000,sehr interessante Themen,de,positive,0.9895781832747161
Das ist der Fragetext 1001,gut strukturierte LV,no,not analyzed,
Das ist der Fragetext 1002,,unknown,not analyzed,
Das ist der Fragetext 1003,gut strukturierte LV,no,not analyzed,
Das ist der Fragetext 1004,,unknown,not analyzed,
Das ist der Fragetext 1005,gut strukturierte LV,no,not analyzed,
Das ist der Fragetext 1006,auf Studierende eingegangen,de,negative,-0.9036375433206558
Das ist der Fragetext 1007,,unknown,not analyzed,
Das ist der Fragetext 1008,sympathischer LV-Leiter,de,positive,0.9587876051664352
Das ist der Fragetext 1009,sehr interessante Themen,de,positive,0.9895781832747161
